"GHO (CODE)","GHO (DISPLAY)","GHO (URL)","PUBLISHSTATE (CODE)","PUBLISHSTATE (DISPLAY)","PUBLISHSTATE (URL)","YEAR (CODE)","YEAR (DISPLAY)","YEAR (URL)","REGION (CODE)","REGION (DISPLAY)","REGION (URL)","WORLDBANKINCOMEGROUP (CODE)","WORLDBANKINCOMEGROUP (DISPLAY)","WORLDBANKINCOMEGROUP (URL)","SEX (CODE)","SEX (DISPLAY)","SEX (URL)","Display Value","Numeric","Low","High","StdErr","StdDev","Comments"
"WHOSIS_000001","Life expectancy at birth (years)","https://www.who.int/data/gho/indicator-metadata-registry/imr-details/65","PUBLISHED","Published","","2000","2000","","","","","WB_LI","Low-income","","MLE","Male","","52.2","52.24722","","","","",""
"WHOSIS_000002","Healthy life expectancy (HALE) at birth (years)","https://www.who.int/data/gho/indicator-metadata-registry/imr-details/66","PUBLISHED","Published","","2000","2000","","","","","WB_LI","Low-income","","MLE","Male","","46.2","46.18899","","","","",""
"WHOSIS_000015","Life expectancy at age 60 (years)","https://www.who.int/data/gho/indicator-metadata-registry/imr-details/2977","PUBLISHED","Published","","2000","2000","","","","","WB_LI","Low-income","","MLE","Male","","14.0","14.00247","","","","",""
"WHOSIS_000007","Healthy life expectancy (HALE) at age 60 (years)","https://www.who.int/data/gho/indicator-metadata-registry/imr-details/3443","PUBLISHED","Published","","2000","2000","","","","","WB_LI","Low-income","","MLE","Male","","10.7","10.67575","","","","",""
"WHOSIS_000001","Life expectancy at birth (years)","https://www.who.int/data/gho/indicator-metadata-registry/imr-details/65","PUBLISHED","Published","","2010","2010","","","","","WB_LI","Low-income","","MLE","Male","","58.2","58.18198","","","","",""
"WHOSIS_000002","Healthy life expectancy (HALE) at birth (years)","https://www.who.int/data/gho/indicator-metadata-registry/imr-details/66","PUBLISHED","Published","","2010","2010","","","","","WB_LI","Low-income","","MLE","Male","","51.6","51.56751","","","","",""
"WHOSIS_000015","Life expectancy at age 60 (years)","https://www.who.int/data/gho/indicator-metadata-registry/imr-details/2977","PUBLISHED","Published","","2010","2010","","","","","WB_LI","Low-income","","MLE","Male","","15.2","15.24089","","","","",""
"WHOSIS_000007","Healthy life expectancy (HALE) at age 60 (years)","https://www.who.int/data/gho/indicator-metadata-registry/imr-details/3443","PUBLISHED","Published","","2010","2010","","","","","WB_LI","Low-income","","MLE","Male","","11.7","11.65117","","","","",""
"WHOSIS_000001","Life expectancy at birth (years)","https://www.who.int/data/gho/indicator-metadata-registry/imr-details/65","PUBLISHED","Published","","2015","2015","","","","","WB_LI","Low-income","","MLE","Male","","61.0","60.98525","","","","",""
"WHOSIS_000002","Healthy life expectancy (HALE) at birth (years)","https://www.who.int/data/gho/indicator-metadata-registry/imr-details/66","PUBLISHED","Published","","2015","2015","","","","","WB_LI","Low-income","","MLE","Male","","54.0","53.98823","","","","",""
"WHOSIS_000015","Life expectancy at age 60 (years)","https://www.who.int/data/gho/indicator-metadata-registry/imr-details/2977","PUBLISHED","Published","","2015","2015","","","","","WB_LI","Low-income","","MLE","Male","","15.7","15.72942","","","","",""
"WHOSIS_000007","Healthy life expectancy (HALE) at age 60 (years)","https://www.who.int/data/gho/indicator-metadata-registry/imr-details/3443","PUBLISHED","Published","","2015","2015","","","","","WB_LI","Low-income","","MLE","Male","","12.0","12.01343","","","","",""
"WHOSIS_000001","Life expectancy at birth (years)","https://www.who.int/data/gho/indicator-metadata-registry/imr-details/65","PUBLISHED","Published","","2019","2019","","","","","WB_LI","Low-income","","MLE","Male","","63.0","62.95647","","","","",""
"WHOSIS_000002","Healthy life expectancy (HALE) at birth (years)","https://www.who.int/data/gho/indicator-metadata-registry/imr-details/66","PUBLISHED","Published","","2019","2019","","","","","WB_LI","Low-income","","MLE","Male","","55.7","55.65523","","","","",""
"WHOSIS_000015","Life expectancy at age 60 (years)","https://www.who.int/data/gho/indicator-metadata-registry/imr-details/2977","PUBLISHED","Published","","2019","2019","","","","","WB_LI","Low-income","","MLE","Male","","16.2","16.18727","","","","",""
"WHOSIS_000007","Healthy life expectancy (HALE) at age 60 (years)","https://www.who.int/data/gho/indicator-metadata-registry/imr-details/3443","PUBLISHED","Published","","2019","2019","","","","","WB_LI","Low-income","","MLE","Male","","12.3","12.33622","","","","",""
"WHOSIS_000001","Life expectancy at birth (years)","https://www.who.int/data/gho/indicator-metadata-registry/imr-details/65","PUBLISHED","Published","","2000","2000","","","","","WB_LI","Low-income","","FMLE","Female","","55.3","55.33836","","","","",""
"WHOSIS_000002","Healthy life expectancy (HALE) at birth (years)","https://www.who.int/data/gho/indicator-metadata-registry/imr-details/66","PUBLISHED","Published","","2000","2000","","","","","WB_LI","Low-income","","FMLE","Female","","47.6","47.64625","","","","",""
"WHOSIS_000015","Life expectancy at age 60 (years)","https://www.who.int/data/gho/indicator-metadata-registry/imr-details/2977","PUBLISHED","Published","","2000","2000","","","","","WB_LI","Low-income","","FMLE","Female","","16.3","16.31453","","","","",""
"WHOSIS_000007","Healthy life expectancy (HALE) at age 60 (years)","https://www.who.int/data/gho/indicator-metadata-registry/imr-details/3443","PUBLISHED","Published","","2000","2000","","","","","WB_LI","Low-income","","FMLE","Female","","12.1","12.09082","","","","",""
"WHOSIS_000001","Life expectancy at birth (years)","https://www.who.int/data/gho/indicator-metadata-registry/imr-details/65","PUBLISHED","Published","","2010","2010","","","","","WB_LI","Low-income","","FMLE","Female","","62.1","62.06323","","","","",""
"WHOSIS_000002","Healthy life expectancy (HALE) at birth (years)","https://www.who.int/data/gho/indicator-metadata-registry/imr-details/66","PUBLISHED","Published","","2010","2010","","","","","WB_LI","Low-income","","FMLE","Female","","53.5","53.45331","","","","",""
"WHOSIS_000015","Life expectancy at age 60 (years)","https://www.who.int/data/gho/indicator-metadata-registry/imr-details/2977","PUBLISHED","Published","","2010","2010","","","","","WB_LI","Low-income","","FMLE","Female","","17.6","17.62354","","","","",""
"WHOSIS_000007","Healthy life expectancy (HALE) at age 60 (years)","https://www.who.int/data/gho/indicator-metadata-registry/imr-details/3443","PUBLISHED","Published","","2010","2010","","","","","WB_LI","Low-income","","FMLE","Female","","13.1","13.07714","","","","",""
"WHOSIS_000001","Life expectancy at birth (years)","https://www.who.int/data/gho/indicator-metadata-registry/imr-details/65","PUBLISHED","Published","","2015","2015","","","","","WB_LI","Low-income","","FMLE","Female","","65.4","65.35439","","","","",""
"WHOSIS_000002","Healthy life expectancy (HALE) at birth (years)","https://www.who.int/data/gho/indicator-metadata-registry/imr-details/66","PUBLISHED","Published","","2015","2015","","","","","WB_LI","Low-income","","FMLE","Female","","56.2","56.20496","","","","",""
"WHOSIS_000015","Life expectancy at age 60 (years)","https://www.who.int/data/gho/indicator-metadata-registry/imr-details/2977","PUBLISHED","Published","","2015","2015","","","","","WB_LI","Low-income","","FMLE","Female","","18.1","18.08366","","","","",""
"WHOSIS_000007","Healthy life expectancy (HALE) at age 60 (years)","https://www.who.int/data/gho/indicator-metadata-registry/imr-details/3443","PUBLISHED","Published","","2015","2015","","","","","WB_LI","Low-income","","FMLE","Female","","13.4","13.41137","","","","",""
"WHOSIS_000001","Life expectancy at birth (years)","https://www.who.int/data/gho/indicator-metadata-registry/imr-details/65","PUBLISHED","Published","","2019","2019","","","","","WB_LI","Low-income","","FMLE","Female","","67.2","67.18551","","","","",""
"WHOSIS_000002","Healthy life expectancy (HALE) at birth (years)","https://www.who.int/data/gho/indicator-metadata-registry/imr-details/66","PUBLISHED","Published","","2019","2019","","","","","WB_LI","Low-income","","FMLE","Female","","57.7","57.70581","","","","",""
"WHOSIS_000015","Life expectancy at age 60 (years)","https://www.who.int/data/gho/indicator-metadata-registry/imr-details/2977","PUBLISHED","Published","","2019","2019","","","","","WB_LI","Low-income","","FMLE","Female","","18.5","18.45841","","","","",""
"WHOSIS_000007","Healthy life expectancy (HALE) at age 60 (years)","https://www.who.int/data/gho/indicator-metadata-registry/imr-details/3443","PUBLISHED","Published","","2019","2019","","","","","WB_LI","Low-income","","FMLE","Female","","13.7","13.67206","","","","",""
"WHOSIS_000001","Life expectancy at birth (years)","https://www.who.int/data/gho/indicator-metadata-registry/imr-details/65","PUBLISHED","Published","","2000","2000","","","","","WB_LI","Low-income","","BTSX","Both sexes","","53.8","53.78978","","","","",""
"WHOSIS_000002","Healthy life expectancy (HALE) at birth (years)","https://www.who.int/data/gho/indicator-metadata-registry/imr-details/66","PUBLISHED","Published","","2000","2000","","","","","WB_LI","Low-income","","BTSX","Both sexes","","46.9","46.91150","","","","",""
"WHOSIS_000015","Life expectancy at age 60 (years)","https://www.who.int/data/gho/indicator-metadata-registry/imr-details/2977","PUBLISHED","Published","","2000","2000","","","","","WB_LI","Low-income","","BTSX","Both sexes","","15.2","15.21148","","","","",""
"WHOSIS_000007","Healthy life expectancy (HALE) at age 60 (years)","https://www.who.int/data/gho/indicator-metadata-registry/imr-details/3443","PUBLISHED","Published","","2000","2000","","","","","WB_LI","Low-income","","BTSX","Both sexes","","11.4","11.41647","","","","",""
"WHOSIS_000001","Life expectancy at birth (years)","https://www.who.int/data/gho/indicator-metadata-registry/imr-details/65","PUBLISHED","Published","","2010","2010","","","","","WB_LI","Low-income","","BTSX","Both sexes","","60.1","60.11687","","","","",""
"WHOSIS_000002","Healthy life expectancy (HALE) at birth (years)","https://www.who.int/data/gho/indicator-metadata-registry/imr-details/66","PUBLISHED","Published","","2010","2010","","","","","WB_LI","Low-income","","BTSX","Both sexes","","52.5","52.50481","","","","",""
"WHOSIS_000015","Life expectancy at age 60 (years)","https://www.who.int/data/gho/indicator-metadata-registry/imr-details/2977","PUBLISHED","Published","","2010","2010","","","","","WB_LI","Low-income","","BTSX","Both sexes","","16.5","16.49062","","","","",""
"WHOSIS_000007","Healthy life expectancy (HALE) at age 60 (years)","https://www.who.int/data/gho/indicator-metadata-registry/imr-details/3443","PUBLISHED","Published","","2010","2010","","","","","WB_LI","Low-income","","BTSX","Both sexes","","12.4","12.39952","","","","",""
"WHOSIS_000001","Life expectancy at birth (years)","https://www.who.int/data/gho/indicator-metadata-registry/imr-details/65","PUBLISHED","Published","","2015","2015","","","","","WB_LI","Low-income","","BTSX","Both sexes","","63.2","63.16665","","","","",""
"WHOSIS_000002","Healthy life expectancy (HALE) at birth (years)","https://www.who.int/data/gho/indicator-metadata-registry/imr-details/66","PUBLISHED","Published","","2015","2015","","","","","WB_LI","Low-income","","BTSX","Both sexes","","55.1","55.09188","","","","",""
"WHOSIS_000015","Life expectancy at age 60 (years)","https://www.who.int/data/gho/indicator-metadata-registry/imr-details/2977","PUBLISHED","Published","","2015","2015","","","","","WB_LI","Low-income","","BTSX","Both sexes","","17.0","16.97063","","","","",""
"WHOSIS_000007","Healthy life expectancy (HALE) at age 60 (years)","https://www.who.int/data/gho/indicator-metadata-registry/imr-details/3443","PUBLISHED","Published","","2015","2015","","","","","WB_LI","Low-income","","BTSX","Both sexes","","12.8","12.75056","","","","",""
"WHOSIS_000001","Life expectancy at birth (years)","https://www.who.int/data/gho/indicator-metadata-registry/imr-details/65","PUBLISHED","Published","","2019","2019","","","","","WB_LI","Low-income","","BTSX","Both sexes","","65.1","65.07745","","","","",""
"WHOSIS_000002","Healthy life expectancy (HALE) at birth (years)","https://www.who.int/data/gho/indicator-metadata-registry/imr-details/66","PUBLISHED","Published","","2019","2019","","","","","WB_LI","Low-income","","BTSX","Both sexes","","56.7","56.68142","","","","",""
"WHOSIS_000015","Life expectancy at age 60 (years)","https://www.who.int/data/gho/indicator-metadata-registry/imr-details/2977","PUBLISHED","Published","","2019","2019","","","","","WB_LI","Low-income","","BTSX","Both sexes","","17.4","17.38950","","","","",""
"WHOSIS_000007","Healthy life expectancy (HALE) at age 60 (years)","https://www.who.int/data/gho/indicator-metadata-registry/imr-details/3443","PUBLISHED","Published","","2019","2019","","","","","WB_LI","Low-income","","BTSX","Both sexes","","13.0","13.04325","","","","",""
"WHOSIS_000001","Life expectancy at birth (years)","https://www.who.int/data/gho/indicator-metadata-registry/imr-details/65","PUBLISHED","Published","","2000","2000","","","","","WB_LMI","Lower-middle-income","","MLE","Male","","60.7","60.67618","","","","",""
"WHOSIS_000002","Healthy life expectancy (HALE) at birth (years)","https://www.who.int/data/gho/indicator-metadata-registry/imr-details/66","PUBLISHED","Published","","2000","2000","","","","","WB_LMI","Lower-middle-income","","MLE","Male","","53.3","53.27672","","","","",""
"WHOSIS_000015","Life expectancy at age 60 (years)","https://www.who.int/data/gho/indicator-metadata-registry/imr-details/2977","PUBLISHED","Published","","2000","2000","","","","","WB_LMI","Lower-middle-income","","MLE","Male","","15.5","15.54629","","","","",""
"WHOSIS_000007","Healthy life expectancy (HALE) at age 60 (years)","https://www.who.int/data/gho/indicator-metadata-registry/imr-details/3443","PUBLISHED","Published","","2000","2000","","","","","WB_LMI","Lower-middle-income","","MLE","Male","","11.5","11.51442","","","","",""
"WHOSIS_000001","Life expectancy at birth (years)","https://www.who.int/data/gho/indicator-metadata-registry/imr-details/65","PUBLISHED","Published","","2010","2010","","","","","WB_LMI","Lower-middle-income","","MLE","Male","","64.5","64.46651","","","","",""
"WHOSIS_000002","Healthy life expectancy (HALE) at birth (years)","https://www.who.int/data/gho/indicator-metadata-registry/imr-details/66","PUBLISHED","Published","","2010","2010","","","","","WB_LMI","Lower-middle-income","","MLE","Male","","56.7","56.70884","","","","",""
"WHOSIS_000015","Life expectancy at age 60 (years)","https://www.who.int/data/gho/indicator-metadata-registry/imr-details/2977","PUBLISHED","Published","","2010","2010","","","","","WB_LMI","Lower-middle-income","","MLE","Male","","16.6","16.57900","","","","",""
"WHOSIS_000007","Healthy life expectancy (HALE) at age 60 (years)","https://www.who.int/data/gho/indicator-metadata-registry/imr-details/3443","PUBLISHED","Published","","2010","2010","","","","","WB_LMI","Lower-middle-income","","MLE","Male","","12.3","12.27259","","","","",""
"WHOSIS_000001","Life expectancy at birth (years)","https://www.who.int/data/gho/indicator-metadata-registry/imr-details/65","PUBLISHED","Published","","2015","2015","","","","","WB_LMI","Lower-middle-income","","MLE","Male","","66.4","66.44492","","","","",""
"WHOSIS_000002","Healthy life expectancy (HALE) at birth (years)","https://www.who.int/data/gho/indicator-metadata-registry/imr-details/66","PUBLISHED","Published","","2015","2015","","","","","WB_LMI","Lower-middle-income","","MLE","Male","","58.4","58.38608","","","","",""
"WHOSIS_000015","Life expectancy at age 60 (years)","https://www.who.int/data/gho/indicator-metadata-registry/imr-details/2977","PUBLISHED","Published","","2015","2015","","","","","WB_LMI","Lower-middle-income","","MLE","Male","","17.2","17.24787","","","","",""
"WHOSIS_000007","Healthy life expectancy (HALE) at age 60 (years)","https://www.who.int/data/gho/indicator-metadata-registry/imr-details/3443","PUBLISHED","Published","","2015","2015","","","","","WB_LMI","Lower-middle-income","","MLE","Male","","12.8","12.78705","","","","",""
"WHOSIS_000001","Life expectancy at birth (years)","https://www.who.int/data/gho/indicator-metadata-registry/imr-details/65","PUBLISHED","Published","","2019","2019","","","","","WB_LMI","Lower-middle-income","","MLE","Male","","67.6","67.60718","","","","",""
"WHOSIS_000002","Healthy life expectancy (HALE) at birth (years)","https://www.who.int/data/gho/indicator-metadata-registry/imr-details/66","PUBLISHED","Published","","2019","2019","","","","","WB_LMI","Lower-middle-income","","MLE","Male","","59.3","59.32832","","","","",""
"WHOSIS_000015","Life expectancy at age 60 (years)","https://www.who.int/data/gho/indicator-metadata-registry/imr-details/2977","PUBLISHED","Published","","2019","2019","","","","","WB_LMI","Lower-middle-income","","MLE","Male","","17.6","17.57348","","","","",""
"WHOSIS_000007","Healthy life expectancy (HALE) at age 60 (years)","https://www.who.int/data/gho/indicator-metadata-registry/imr-details/3443","PUBLISHED","Published","","2019","2019","","","","","WB_LMI","Lower-middle-income","","MLE","Male","","13.0","12.98431","","","","",""
"WHOSIS_000001","Life expectancy at birth (years)","https://www.who.int/data/gho/indicator-metadata-registry/imr-details/65","PUBLISHED","Published","","2000","2000","","","","","WB_LMI","Lower-middle-income","","FMLE","Female","","63.8","63.77431","","","","",""
"WHOSIS_000002","Healthy life expectancy (HALE) at birth (years)","https://www.who.int/data/gho/indicator-metadata-registry/imr-details/66","PUBLISHED","Published","","2000","2000","","","","","WB_LMI","Lower-middle-income","","FMLE","Female","","54.3","54.30753","","","","",""
"WHOSIS_000015","Life expectancy at age 60 (years)","https://www.who.int/data/gho/indicator-metadata-registry/imr-details/2977","PUBLISHED","Published","","2000","2000","","","","","WB_LMI","Lower-middle-income","","FMLE","Female","","17.6","17.61953","","","","",""
"WHOSIS_000007","Healthy life expectancy (HALE) at age 60 (years)","https://www.who.int/data/gho/indicator-metadata-registry/imr-details/3443","PUBLISHED","Published","","2000","2000","","","","","WB_LMI","Lower-middle-income","","FMLE","Female","","12.6","12.63259","","","","",""
"WHOSIS_000001","Life expectancy at birth (years)","https://www.who.int/data/gho/indicator-metadata-registry/imr-details/65","PUBLISHED","Published","","2010","2010","","","","","WB_LMI","Lower-middle-income","","FMLE","Female","","68.4","68.44291","","","","",""
"WHOSIS_000002","Healthy life expectancy (HALE) at birth (years)","https://www.who.int/data/gho/indicator-metadata-registry/imr-details/66","PUBLISHED","Published","","2010","2010","","","","","WB_LMI","Lower-middle-income","","FMLE","Female","","58.3","58.27321","","","","",""
"WHOSIS_000015","Life expectancy at age 60 (years)","https://www.who.int/data/gho/indicator-metadata-registry/imr-details/2977","PUBLISHED","Published","","2010","2010","","","","","WB_LMI","Lower-middle-income","","FMLE","Female","","19.0","18.95661","","","","",""
"WHOSIS_000007","Healthy life expectancy (HALE) at age 60 (years)","https://www.who.int/data/gho/indicator-metadata-registry/imr-details/3443","PUBLISHED","Published","","2010","2010","","","","","WB_LMI","Lower-middle-income","","FMLE","Female","","13.5","13.54368","","","","",""
"WHOSIS_000001","Life expectancy at birth (years)","https://www.who.int/data/gho/indicator-metadata-registry/imr-details/65","PUBLISHED","Published","","2015","2015","","","","","WB_LMI","Lower-middle-income","","FMLE","Female","","70.1","70.09075","","","","",""
"WHOSIS_000002","Healthy life expectancy (HALE) at birth (years)","https://www.who.int/data/gho/indicator-metadata-registry/imr-details/66","PUBLISHED","Published","","2015","2015","","","","","WB_LMI","Lower-middle-income","","FMLE","Female","","59.7","59.69252","","","","",""
"WHOSIS_000015","Life expectancy at age 60 (years)","https://www.who.int/data/gho/indicator-metadata-registry/imr-details/2977","PUBLISHED","Published","","2015","2015","","","","","WB_LMI","Lower-middle-income","","FMLE","Female","","19.3","19.29882","","","","",""
"WHOSIS_000007","Healthy life expectancy (HALE) at age 60 (years)","https://www.who.int/data/gho/indicator-metadata-registry/imr-details/3443","PUBLISHED","Published","","2015","2015","","","","","WB_LMI","Lower-middle-income","","FMLE","Female","","13.8","13.83967","","","","",""
"WHOSIS_000001","Life expectancy at birth (years)","https://www.who.int/data/gho/indicator-metadata-registry/imr-details/65","PUBLISHED","Published","","2019","2019","","","","","WB_LMI","Lower-middle-income","","FMLE","Female","","71.3","71.27921","","","","",""
"WHOSIS_000002","Healthy life expectancy (HALE) at birth (years)","https://www.who.int/data/gho/indicator-metadata-registry/imr-details/66","PUBLISHED","Published","","2019","2019","","","","","WB_LMI","Lower-middle-income","","FMLE","Female","","60.6","60.62011","","","","",""
"WHOSIS_000015","Life expectancy at age 60 (years)","https://www.who.int/data/gho/indicator-metadata-registry/imr-details/2977","PUBLISHED","Published","","2019","2019","","","","","WB_LMI","Lower-middle-income","","FMLE","Female","","19.6","19.60809","","","","",""
"WHOSIS_000007","Healthy life expectancy (HALE) at age 60 (years)","https://www.who.int/data/gho/indicator-metadata-registry/imr-details/3443","PUBLISHED","Published","","2019","2019","","","","","WB_LMI","Lower-middle-income","","FMLE","Female","","14.0","14.02182","","","","",""
"WHOSIS_000001","Life expectancy at birth (years)","https://www.who.int/data/gho/indicator-metadata-registry/imr-details/65","PUBLISHED","Published","","2000","2000","","","","","WB_LMI","Lower-middle-income","","BTSX","Both sexes","","62.2","62.18060","","","","",""
"WHOSIS_000002","Healthy life expectancy (HALE) at birth (years)","https://www.who.int/data/gho/indicator-metadata-registry/imr-details/66","PUBLISHED","Published","","2000","2000","","","","","WB_LMI","Lower-middle-income","","BTSX","Both sexes","","53.8","53.77633","","","","",""
"WHOSIS_000015","Life expectancy at age 60 (years)","https://www.who.int/data/gho/indicator-metadata-registry/imr-details/2977","PUBLISHED","Published","","2000","2000","","","","","WB_LMI","Lower-middle-income","","BTSX","Both sexes","","16.6","16.59610","","","","",""
"WHOSIS_000007","Healthy life expectancy (HALE) at age 60 (years)","https://www.who.int/data/gho/indicator-metadata-registry/imr-details/3443","PUBLISHED","Published","","2000","2000","","","","","WB_LMI","Lower-middle-income","","BTSX","Both sexes","","12.1","12.08062","","","","",""
"WHOSIS_000001","Life expectancy at birth (years)","https://www.who.int/data/gho/indicator-metadata-registry/imr-details/65","PUBLISHED","Published","","2010","2010","","","","","WB_LMI","Lower-middle-income","","BTSX","Both sexes","","66.4","66.38567","","","","",""
"WHOSIS_000002","Healthy life expectancy (HALE) at birth (years)","https://www.who.int/data/gho/indicator-metadata-registry/imr-details/66","PUBLISHED","Published","","2010","2010","","","","","WB_LMI","Lower-middle-income","","BTSX","Both sexes","","57.5","57.46215","","","","",""
"WHOSIS_000015","Life expectancy at age 60 (years)","https://www.who.int/data/gho/indicator-metadata-registry/imr-details/2977","PUBLISHED","Published","","2010","2010","","","","","WB_LMI","Lower-middle-income","","BTSX","Both sexes","","17.8","17.77954","","","","",""
"WHOSIS_000007","Healthy life expectancy (HALE) at age 60 (years)","https://www.who.int/data/gho/indicator-metadata-registry/imr-details/3443","PUBLISHED","Published","","2010","2010","","","","","WB_LMI","Lower-middle-income","","BTSX","Both sexes","","12.9","12.91453","","","","",""
"WHOSIS_000001","Life expectancy at birth (years)","https://www.who.int/data/gho/indicator-metadata-registry/imr-details/65","PUBLISHED","Published","","2015","2015","","","","","WB_LMI","Lower-middle-income","","BTSX","Both sexes","","68.2","68.21706","","","","",""
"WHOSIS_000002","Healthy life expectancy (HALE) at birth (years)","https://www.who.int/data/gho/indicator-metadata-registry/imr-details/66","PUBLISHED","Published","","2015","2015","","","","","WB_LMI","Lower-middle-income","","BTSX","Both sexes","","59.0","59.02120","","","","",""
"WHOSIS_000015","Life expectancy at age 60 (years)","https://www.who.int/data/gho/indicator-metadata-registry/imr-details/2977","PUBLISHED","Published","","2015","2015","","","","","WB_LMI","Lower-middle-income","","BTSX","Both sexes","","18.3","18.28899","","","","",""
"WHOSIS_000007","Healthy life expectancy (HALE) at age 60 (years)","https://www.who.int/data/gho/indicator-metadata-registry/imr-details/3443","PUBLISHED","Published","","2015","2015","","","","","WB_LMI","Lower-middle-income","","BTSX","Both sexes","","13.3","13.32118","","","","",""
"WHOSIS_000001","Life expectancy at birth (years)","https://www.who.int/data/gho/indicator-metadata-registry/imr-details/65","PUBLISHED","Published","","2019","2019","","","","","WB_LMI","Lower-middle-income","","BTSX","Both sexes","","69.4","69.39185","","","","",""
"WHOSIS_000002","Healthy life expectancy (HALE) at birth (years)","https://www.who.int/data/gho/indicator-metadata-registry/imr-details/66","PUBLISHED","Published","","2019","2019","","","","","WB_LMI","Lower-middle-income","","BTSX","Both sexes","","60.0","59.95649","","","","",""
"WHOSIS_000015","Life expectancy at age 60 (years)","https://www.who.int/data/gho/indicator-metadata-registry/imr-details/2977","PUBLISHED","Published","","2019","2019","","","","","WB_LMI","Lower-middle-income","","BTSX","Both sexes","","18.6","18.60309","","","","",""
"WHOSIS_000007","Healthy life expectancy (HALE) at age 60 (years)","https://www.who.int/data/gho/indicator-metadata-registry/imr-details/3443","PUBLISHED","Published","","2019","2019","","","","","WB_LMI","Lower-middle-income","","BTSX","Both sexes","","13.5","13.50886","","","","",""
"WHOSIS_000001","Life expectancy at birth (years)","https://www.who.int/data/gho/indicator-metadata-registry/imr-details/65","PUBLISHED","Published","","2000","2000","","","","","WB_UMI","Upper-middle-income","","MLE","Male","","67.7","67.73392","","","","",""
"WHOSIS_000002","Healthy life expectancy (HALE) at birth (years)","https://www.who.int/data/gho/indicator-metadata-registry/imr-details/66","PUBLISHED","Published","","2000","2000","","","","","WB_UMI","Upper-middle-income","","MLE","Male","","60.8","60.75984","","","","",""
"WHOSIS_000015","Life expectancy at age 60 (years)","https://www.who.int/data/gho/indicator-metadata-registry/imr-details/2977","PUBLISHED","Published","","2000","2000","","","","","WB_UMI","Upper-middle-income","","MLE","Male","","16.8","16.84855","","","","",""
"WHOSIS_000007","Healthy life expectancy (HALE) at age 60 (years)","https://www.who.int/data/gho/indicator-metadata-registry/imr-details/3443","PUBLISHED","Published","","2000","2000","","","","","WB_UMI","Upper-middle-income","","MLE","Male","","13.0","13.04359","","","","",""
"WHOSIS_000001","Life expectancy at birth (years)","https://www.who.int/data/gho/indicator-metadata-registry/imr-details/65","PUBLISHED","Published","","2010","2010","","","","","WB_UMI","Upper-middle-income","","MLE","Male","","70.7","70.74337","","","","",""
"WHOSIS_000002","Healthy life expectancy (HALE) at birth (years)","https://www.who.int/data/gho/indicator-metadata-registry/imr-details/66","PUBLISHED","Published","","2010","2010","","","","","WB_UMI","Upper-middle-income","","MLE","Male","","63.4","63.42454","","","","",""
"WHOSIS_000015","Life expectancy at age 60 (years)","https://www.who.int/data/gho/indicator-metadata-registry/imr-details/2977","PUBLISHED","Published","","2010","2010","","","","","WB_UMI","Upper-middle-income","","MLE","Male","","18.0","17.97123","","","","",""
"WHOSIS_000007","Healthy life expectancy (HALE) at age 60 (years)","https://www.who.int/data/gho/indicator-metadata-registry/imr-details/3443","PUBLISHED","Published","","2010","2010","","","","","WB_UMI","Upper-middle-income","","MLE","Male","","13.9","13.93301","","","","",""
"WHOSIS_000001","Life expectancy at birth (years)","https://www.who.int/data/gho/indicator-metadata-registry/imr-details/65","PUBLISHED","Published","","2015","2015","","","","","WB_UMI","Upper-middle-income","","MLE","Male","","72.4","72.40026","","","","",""
"WHOSIS_000002","Healthy life expectancy (HALE) at birth (years)","https://www.who.int/data/gho/indicator-metadata-registry/imr-details/66","PUBLISHED","Published","","2015","2015","","","","","WB_UMI","Upper-middle-income","","MLE","Male","","64.7","64.73768","","","","",""
"WHOSIS_000015","Life expectancy at age 60 (years)","https://www.who.int/data/gho/indicator-metadata-registry/imr-details/2977","PUBLISHED","Published","","2015","2015","","","","","WB_UMI","Upper-middle-income","","MLE","Male","","18.8","18.77796","","","","",""
"WHOSIS_000007","Healthy life expectancy (HALE) at age 60 (years)","https://www.who.int/data/gho/indicator-metadata-registry/imr-details/3443","PUBLISHED","Published","","2015","2015","","","","","WB_UMI","Upper-middle-income","","MLE","Male","","14.5","14.53937","","","","",""
"WHOSIS_000001","Life expectancy at birth (years)","https://www.who.int/data/gho/indicator-metadata-registry/imr-details/65","PUBLISHED","Published","","2019","2019","","","","","WB_UMI","Upper-middle-income","","MLE","Male","","73.4","73.37775","","","","",""
"WHOSIS_000002","Healthy life expectancy (HALE) at birth (years)","https://www.who.int/data/gho/indicator-metadata-registry/imr-details/66","PUBLISHED","Published","","2019","2019","","","","","WB_UMI","Upper-middle-income","","MLE","Male","","65.5","65.46843","","","","",""
"WHOSIS_000015","Life expectancy at age 60 (years)","https://www.who.int/data/gho/indicator-metadata-registry/imr-details/2977","PUBLISHED","Published","","2019","2019","","","","","WB_UMI","Upper-middle-income","","MLE","Male","","19.3","19.28906","","","","",""
"WHOSIS_000007","Healthy life expectancy (HALE) at age 60 (years)","https://www.who.int/data/gho/indicator-metadata-registry/imr-details/3443","PUBLISHED","Published","","2019","2019","","","","","WB_UMI","Upper-middle-income","","MLE","Male","","14.9","14.89668","","","","",""
"WHOSIS_000001","Life expectancy at birth (years)","https://www.who.int/data/gho/indicator-metadata-registry/imr-details/65","PUBLISHED","Published","","2000","2000","","","","","WB_UMI","Upper-middle-income","","FMLE","Female","","73.8","73.77634","","","","",""
"WHOSIS_000002","Healthy life expectancy (HALE) at birth (years)","https://www.who.int/data/gho/indicator-metadata-registry/imr-details/66","PUBLISHED","Published","","2000","2000","","","","","WB_UMI","Upper-middle-income","","FMLE","Female","","64.1","64.13683","","","","",""
"WHOSIS_000015","Life expectancy at age 60 (years)","https://www.who.int/data/gho/indicator-metadata-registry/imr-details/2977","PUBLISHED","Published","","2000","2000","","","","","WB_UMI","Upper-middle-income","","FMLE","Female","","20.2","20.16768","","","","",""
"WHOSIS_000007","Healthy life expectancy (HALE) at age 60 (years)","https://www.who.int/data/gho/indicator-metadata-registry/imr-details/3443","PUBLISHED","Published","","2000","2000","","","","","WB_UMI","Upper-middle-income","","FMLE","Female","","15.0","15.01200","","","","",""
"WHOSIS_000001","Life expectancy at birth (years)","https://www.who.int/data/gho/indicator-metadata-registry/imr-details/65","PUBLISHED","Published","","2010","2010","","","","","WB_UMI","Upper-middle-income","","FMLE","Female","","76.9","76.94045","","","","",""
"WHOSIS_000002","Healthy life expectancy (HALE) at birth (years)","https://www.who.int/data/gho/indicator-metadata-registry/imr-details/66","PUBLISHED","Published","","2010","2010","","","","","WB_UMI","Upper-middle-income","","FMLE","Female","","66.9","66.85351","","","","",""
"WHOSIS_000015","Life expectancy at age 60 (years)","https://www.who.int/data/gho/indicator-metadata-registry/imr-details/2977","PUBLISHED","Published","","2010","2010","","","","","WB_UMI","Upper-middle-income","","FMLE","Female","","21.5","21.53111","","","","",""
"WHOSIS_000007","Healthy life expectancy (HALE) at age 60 (years)","https://www.who.int/data/gho/indicator-metadata-registry/imr-details/3443","PUBLISHED","Published","","2010","2010","","","","","WB_UMI","Upper-middle-income","","FMLE","Female","","16.0","16.02945","","","","",""
"WHOSIS_000001","Life expectancy at birth (years)","https://www.who.int/data/gho/indicator-metadata-registry/imr-details/65","PUBLISHED","Published","","2015","2015","","","","","WB_UMI","Upper-middle-income","","FMLE","Female","","78.7","78.66937","","","","",""
"WHOSIS_000002","Healthy life expectancy (HALE) at birth (years)","https://www.who.int/data/gho/indicator-metadata-registry/imr-details/66","PUBLISHED","Published","","2015","2015","","","","","WB_UMI","Upper-middle-income","","FMLE","Female","","68.1","68.14972","","","","",""
"WHOSIS_000015","Life expectancy at age 60 (years)","https://www.who.int/data/gho/indicator-metadata-registry/imr-details/2977","PUBLISHED","Published","","2015","2015","","","","","WB_UMI","Upper-middle-income","","FMLE","Female","","22.5","22.54918","","","","",""
"WHOSIS_000007","Healthy life expectancy (HALE) at age 60 (years)","https://www.who.int/data/gho/indicator-metadata-registry/imr-details/3443","PUBLISHED","Published","","2015","2015","","","","","WB_UMI","Upper-middle-income","","FMLE","Female","","16.7","16.73927","","","","",""
"WHOSIS_000001","Life expectancy at birth (years)","https://www.who.int/data/gho/indicator-metadata-registry/imr-details/65","PUBLISHED","Published","","2019","2019","","","","","WB_UMI","Upper-middle-income","","FMLE","Female","","79.4","79.40190","","","","",""
"WHOSIS_000002","Healthy life expectancy (HALE) at birth (years)","https://www.who.int/data/gho/indicator-metadata-registry/imr-details/66","PUBLISHED","Published","","2019","2019","","","","","WB_UMI","Upper-middle-income","","FMLE","Female","","68.6","68.62246","","","","",""
"WHOSIS_000015","Life expectancy at age 60 (years)","https://www.who.int/data/gho/indicator-metadata-registry/imr-details/2977","PUBLISHED","Published","","2019","2019","","","","","WB_UMI","Upper-middle-income","","FMLE","Female","","23.0","22.95894","","","","",""
"WHOSIS_000007","Healthy life expectancy (HALE) at age 60 (years)","https://www.who.int/data/gho/indicator-metadata-registry/imr-details/3443","PUBLISHED","Published","","2019","2019","","","","","WB_UMI","Upper-middle-income","","FMLE","Female","","17.0","16.97864","","","","",""
"WHOSIS_000001","Life expectancy at birth (years)","https://www.who.int/data/gho/indicator-metadata-registry/imr-details/65","PUBLISHED","Published","","2000","2000","","","","","WB_UMI","Upper-middle-income","","BTSX","Both sexes","","70.6","70.63803","","","","",""
"WHOSIS_000002","Healthy life expectancy (HALE) at birth (years)","https://www.who.int/data/gho/indicator-metadata-registry/imr-details/66","PUBLISHED","Published","","2000","2000","","","","","WB_UMI","Upper-middle-income","","BTSX","Both sexes","","62.4","62.37939","","","","",""
"WHOSIS_000015","Life expectancy at age 60 (years)","https://www.who.int/data/gho/indicator-metadata-registry/imr-details/2977","PUBLISHED","Published","","2000","2000","","","","","WB_UMI","Upper-middle-income","","BTSX","Both sexes","","18.5","18.52772","","","","",""
"WHOSIS_000007","Healthy life expectancy (HALE) at age 60 (years)","https://www.who.int/data/gho/indicator-metadata-registry/imr-details/3443","PUBLISHED","Published","","2000","2000","","","","","WB_UMI","Upper-middle-income","","BTSX","Both sexes","","14.0","14.03875","","","","",""
"WHOSIS_000001","Life expectancy at birth (years)","https://www.who.int/data/gho/indicator-metadata-registry/imr-details/65","PUBLISHED","Published","","2010","2010","","","","","WB_UMI","Upper-middle-income","","BTSX","Both sexes","","73.7","73.73109","","","","",""
"WHOSIS_000002","Healthy life expectancy (HALE) at birth (years)","https://www.who.int/data/gho/indicator-metadata-registry/imr-details/66","PUBLISHED","Published","","2010","2010","","","","","WB_UMI","Upper-middle-income","","BTSX","Both sexes","","65.1","65.07577","","","","",""
"WHOSIS_000015","Life expectancy at age 60 (years)","https://www.who.int/data/gho/indicator-metadata-registry/imr-details/2977","PUBLISHED","Published","","2010","2010","","","","","WB_UMI","Upper-middle-income","","BTSX","Both sexes","","19.8","19.76107","","","","",""
"WHOSIS_000007","Healthy life expectancy (HALE) at age 60 (years)","https://www.who.int/data/gho/indicator-metadata-registry/imr-details/3443","PUBLISHED","Published","","2010","2010","","","","","WB_UMI","Upper-middle-income","","BTSX","Both sexes","","15.0","14.98771","","","","",""
"WHOSIS_000001","Life expectancy at birth (years)","https://www.who.int/data/gho/indicator-metadata-registry/imr-details/65","PUBLISHED","Published","","2015","2015","","","","","WB_UMI","Upper-middle-income","","BTSX","Both sexes","","75.4","75.43716","","","","",""
"WHOSIS_000002","Healthy life expectancy (HALE) at birth (years)","https://www.who.int/data/gho/indicator-metadata-registry/imr-details/66","PUBLISHED","Published","","2015","2015","","","","","WB_UMI","Upper-middle-income","","BTSX","Both sexes","","66.4","66.38989","","","","",""
"WHOSIS_000015","Life expectancy at age 60 (years)","https://www.who.int/data/gho/indicator-metadata-registry/imr-details/2977","PUBLISHED","Published","","2015","2015","","","","","WB_UMI","Upper-middle-income","","BTSX","Both sexes","","20.7","20.68183","","","","",""
"WHOSIS_000007","Healthy life expectancy (HALE) at age 60 (years)","https://www.who.int/data/gho/indicator-metadata-registry/imr-details/3443","PUBLISHED","Published","","2015","2015","","","","","WB_UMI","Upper-middle-income","","BTSX","Both sexes","","15.7","15.65101","","","","",""
"WHOSIS_000001","Life expectancy at birth (years)","https://www.who.int/data/gho/indicator-metadata-registry/imr-details/65","PUBLISHED","Published","","2019","2019","","","","","WB_UMI","Upper-middle-income","","BTSX","Both sexes","","76.3","76.31361","","","","",""
"WHOSIS_000002","Healthy life expectancy (HALE) at birth (years)","https://www.who.int/data/gho/indicator-metadata-registry/imr-details/66","PUBLISHED","Published","","2019","2019","","","","","WB_UMI","Upper-middle-income","","BTSX","Both sexes","","67.0","67.00616","","","","",""
"WHOSIS_000015","Life expectancy at age 60 (years)","https://www.who.int/data/gho/indicator-metadata-registry/imr-details/2977","PUBLISHED","Published","","2019","2019","","","","","WB_UMI","Upper-middle-income","","BTSX","Both sexes","","21.2","21.15576","","","","",""
"WHOSIS_000007","Healthy life expectancy (HALE) at age 60 (years)","https://www.who.int/data/gho/indicator-metadata-registry/imr-details/3443","PUBLISHED","Published","","2019","2019","","","","","WB_UMI","Upper-middle-income","","BTSX","Both sexes","","16.0","15.95679","","","","",""
"WHOSIS_000001","Life expectancy at birth (years)","https://www.who.int/data/gho/indicator-metadata-registry/imr-details/65","PUBLISHED","Published","","2000","2000","","","","","WB_HI","High-income","","MLE","Male","","74.6","74.60219","","","","",""
"WHOSIS_000002","Healthy life expectancy (HALE) at birth (years)","https://www.who.int/data/gho/indicator-metadata-registry/imr-details/66","PUBLISHED","Published","","2000","2000","","","","","WB_HI","High-income","","MLE","Male","","66.1","66.05403","","","","",""
"WHOSIS_000015","Life expectancy at age 60 (years)","https://www.who.int/data/gho/indicator-metadata-registry/imr-details/2977","PUBLISHED","Published","","2000","2000","","","","","WB_HI","High-income","","MLE","Male","","19.7","19.73755","","","","",""
"WHOSIS_000007","Healthy life expectancy (HALE) at age 60 (years)","https://www.who.int/data/gho/indicator-metadata-registry/imr-details/3443","PUBLISHED","Published","","2000","2000","","","","","WB_HI","High-income","","MLE","Male","","15.2","15.21685","","","","",""
"WHOSIS_000001","Life expectancy at birth (years)","https://www.who.int/data/gho/indicator-metadata-registry/imr-details/65","PUBLISHED","Published","","2010","2010","","","","","WB_HI","High-income","","MLE","Male","","77.1","77.11160","","","","",""
"WHOSIS_000002","Healthy life expectancy (HALE) at birth (years)","https://www.who.int/data/gho/indicator-metadata-registry/imr-details/66","PUBLISHED","Published","","2010","2010","","","","","WB_HI","High-income","","MLE","Male","","67.9","67.93224","","","","",""
"WHOSIS_000015","Life expectancy at age 60 (years)","https://www.who.int/data/gho/indicator-metadata-registry/imr-details/2977","PUBLISHED","Published","","2010","2010","","","","","WB_HI","High-income","","MLE","Male","","21.6","21.59200","","","","",""
"WHOSIS_000007","Healthy life expectancy (HALE) at age 60 (years)","https://www.who.int/data/gho/indicator-metadata-registry/imr-details/3443","PUBLISHED","Published","","2010","2010","","","","","WB_HI","High-income","","MLE","Male","","16.5","16.53614","","","","",""
"WHOSIS_000001","Life expectancy at birth (years)","https://www.who.int/data/gho/indicator-metadata-registry/imr-details/65","PUBLISHED","Published","","2015","2015","","","","","WB_HI","High-income","","MLE","Male","","77.8","77.80768","","","","",""
"WHOSIS_000002","Healthy life expectancy (HALE) at birth (years)","https://www.who.int/data/gho/indicator-metadata-registry/imr-details/66","PUBLISHED","Published","","2015","2015","","","","","WB_HI","High-income","","MLE","Male","","68.4","68.41093","","","","",""
"WHOSIS_000015","Life expectancy at age 60 (years)","https://www.who.int/data/gho/indicator-metadata-registry/imr-details/2977","PUBLISHED","Published","","2015","2015","","","","","WB_HI","High-income","","MLE","Male","","22.0","22.03042","","","","",""
"WHOSIS_000007","Healthy life expectancy (HALE) at age 60 (years)","https://www.who.int/data/gho/indicator-metadata-registry/imr-details/3443","PUBLISHED","Published","","2015","2015","","","","","WB_HI","High-income","","MLE","Male","","16.8","16.82904","","","","",""
"WHOSIS_000001","Life expectancy at birth (years)","https://www.who.int/data/gho/indicator-metadata-registry/imr-details/65","PUBLISHED","Published","","2019","2019","","","","","WB_HI","High-income","","MLE","Male","","78.4","78.38582","","","","",""
"WHOSIS_000002","Healthy life expectancy (HALE) at birth (years)","https://www.who.int/data/gho/indicator-metadata-registry/imr-details/66","PUBLISHED","Published","","2019","2019","","","","","WB_HI","High-income","","MLE","Male","","68.7","68.70175","","","","",""
"WHOSIS_000015","Life expectancy at age 60 (years)","https://www.who.int/data/gho/indicator-metadata-registry/imr-details/2977","PUBLISHED","Published","","2019","2019","","","","","WB_HI","High-income","","MLE","Male","","22.5","22.45573","","","","",""
"WHOSIS_000007","Healthy life expectancy (HALE) at age 60 (years)","https://www.who.int/data/gho/indicator-metadata-registry/imr-details/3443","PUBLISHED","Published","","2019","2019","","","","","WB_HI","High-income","","MLE","Male","","17.1","17.07419","","","","",""
"WHOSIS_000001","Life expectancy at birth (years)","https://www.who.int/data/gho/indicator-metadata-registry/imr-details/65","PUBLISHED","Published","","2000","2000","","","","","WB_HI","High-income","","FMLE","Female","","80.6","80.56939","","","","",""
"WHOSIS_000002","Healthy life expectancy (HALE) at birth (years)","https://www.who.int/data/gho/indicator-metadata-registry/imr-details/66","PUBLISHED","Published","","2000","2000","","","","","WB_HI","High-income","","FMLE","Female","","69.3","69.29454","","","","",""
"WHOSIS_000015","Life expectancy at age 60 (years)","https://www.who.int/data/gho/indicator-metadata-registry/imr-details/2977","PUBLISHED","Published","","2000","2000","","","","","WB_HI","High-income","","FMLE","Female","","23.7","23.69748","","","","",""
"WHOSIS_000007","Healthy life expectancy (HALE) at age 60 (years)","https://www.who.int/data/gho/indicator-metadata-registry/imr-details/3443","PUBLISHED","Published","","2000","2000","","","","","WB_HI","High-income","","FMLE","Female","","17.8","17.84912","","","","",""
"WHOSIS_000001","Life expectancy at birth (years)","https://www.who.int/data/gho/indicator-metadata-registry/imr-details/65","PUBLISHED","Published","","2010","2010","","","","","WB_HI","High-income","","FMLE","Female","","82.5","82.48982","","","","",""
"WHOSIS_000002","Healthy life expectancy (HALE) at birth (years)","https://www.who.int/data/gho/indicator-metadata-registry/imr-details/66","PUBLISHED","Published","","2010","2010","","","","","WB_HI","High-income","","FMLE","Female","","70.6","70.62775","","","","",""
"WHOSIS_000015","Life expectancy at age 60 (years)","https://www.who.int/data/gho/indicator-metadata-registry/imr-details/2977","PUBLISHED","Published","","2010","2010","","","","","WB_HI","High-income","","FMLE","Female","","25.2","25.23412","","","","",""
"WHOSIS_000007","Healthy life expectancy (HALE) at age 60 (years)","https://www.who.int/data/gho/indicator-metadata-registry/imr-details/3443","PUBLISHED","Published","","2010","2010","","","","","WB_HI","High-income","","FMLE","Female","","18.9","18.88235","","","","",""
"WHOSIS_000001","Life expectancy at birth (years)","https://www.who.int/data/gho/indicator-metadata-registry/imr-details/65","PUBLISHED","Published","","2015","2015","","","","","WB_HI","High-income","","FMLE","Female","","82.8","82.83353","","","","",""
"WHOSIS_000002","Healthy life expectancy (HALE) at birth (years)","https://www.who.int/data/gho/indicator-metadata-registry/imr-details/66","PUBLISHED","Published","","2015","2015","","","","","WB_HI","High-income","","FMLE","Female","","70.8","70.78434","","","","",""
"WHOSIS_000015","Life expectancy at age 60 (years)","https://www.who.int/data/gho/indicator-metadata-registry/imr-details/2977","PUBLISHED","Published","","2015","2015","","","","","WB_HI","High-income","","FMLE","Female","","25.5","25.48194","","","","",""
"WHOSIS_000007","Healthy life expectancy (HALE) at age 60 (years)","https://www.who.int/data/gho/indicator-metadata-registry/imr-details/3443","PUBLISHED","Published","","2015","2015","","","","","WB_HI","High-income","","FMLE","Female","","19.0","19.00553","","","","",""
"WHOSIS_000001","Life expectancy at birth (years)","https://www.who.int/data/gho/indicator-metadata-registry/imr-details/65","PUBLISHED","Published","","2019","2019","","","","","WB_HI","High-income","","FMLE","Female","","83.3","83.34413","","","","",""
"WHOSIS_000002","Healthy life expectancy (HALE) at birth (years)","https://www.who.int/data/gho/indicator-metadata-registry/imr-details/66","PUBLISHED","Published","","2019","2019","","","","","WB_HI","High-income","","FMLE","Female","","70.9","70.93751","","","","",""
"WHOSIS_000015","Life expectancy at age 60 (years)","https://www.who.int/data/gho/indicator-metadata-registry/imr-details/2977","PUBLISHED","Published","","2019","2019","","","","","WB_HI","High-income","","FMLE","Female","","25.9","25.94681","","","","",""
"WHOSIS_000007","Healthy life expectancy (HALE) at age 60 (years)","https://www.who.int/data/gho/indicator-metadata-registry/imr-details/3443","PUBLISHED","Published","","2019","2019","","","","","WB_HI","High-income","","FMLE","Female","","19.2","19.21977","","","","",""
"WHOSIS_000001","Life expectancy at birth (years)","https://www.who.int/data/gho/indicator-metadata-registry/imr-details/65","PUBLISHED","Published","","2000","2000","","","","","WB_HI","High-income","","BTSX","Both sexes","","77.6","77.62743","","","","",""
"WHOSIS_000002","Healthy life expectancy (HALE) at birth (years)","https://www.who.int/data/gho/indicator-metadata-registry/imr-details/66","PUBLISHED","Published","","2000","2000","","","","","WB_HI","High-income","","BTSX","Both sexes","","67.7","67.70735","","","","",""
"WHOSIS_000015","Life expectancy at age 60 (years)","https://www.who.int/data/gho/indicator-metadata-registry/imr-details/2977","PUBLISHED","Published","","2000","2000","","","","","WB_HI","High-income","","BTSX","Both sexes","","21.9","21.86458","","","","",""
"WHOSIS_000007","Healthy life expectancy (HALE) at age 60 (years)","https://www.who.int/data/gho/indicator-metadata-registry/imr-details/3443","PUBLISHED","Published","","2000","2000","","","","","WB_HI","High-income","","BTSX","Both sexes","","16.6","16.62752","","","","",""
"WHOSIS_000001","Life expectancy at birth (years)","https://www.who.int/data/gho/indicator-metadata-registry/imr-details/65","PUBLISHED","Published","","2010","2010","","","","","WB_HI","High-income","","BTSX","Both sexes","","79.8","79.82361","","","","",""
"WHOSIS_000002","Healthy life expectancy (HALE) at birth (years)","https://www.who.int/data/gho/indicator-metadata-registry/imr-details/66","PUBLISHED","Published","","2010","2010","","","","","WB_HI","High-income","","BTSX","Both sexes","","69.3","69.30302","","","","",""
"WHOSIS_000015","Life expectancy at age 60 (years)","https://www.who.int/data/gho/indicator-metadata-registry/imr-details/2977","PUBLISHED","Published","","2010","2010","","","","","WB_HI","High-income","","BTSX","Both sexes","","23.5","23.52187","","","","",""
"WHOSIS_000007","Healthy life expectancy (HALE) at age 60 (years)","https://www.who.int/data/gho/indicator-metadata-registry/imr-details/3443","PUBLISHED","Published","","2010","2010","","","","","WB_HI","High-income","","BTSX","Both sexes","","17.8","17.77528","","","","",""
"WHOSIS_000001","Life expectancy at birth (years)","https://www.who.int/data/gho/indicator-metadata-registry/imr-details/65","PUBLISHED","Published","","2015","2015","","","","","WB_HI","High-income","","BTSX","Both sexes","","80.3","80.32959","","","","",""
"WHOSIS_000002","Healthy life expectancy (HALE) at birth (years)","https://www.who.int/data/gho/indicator-metadata-registry/imr-details/66","PUBLISHED","Published","","2015","2015","","","","","WB_HI","High-income","","BTSX","Both sexes","","69.6","69.61288","","","","",""
"WHOSIS_000015","Life expectancy at age 60 (years)","https://www.who.int/data/gho/indicator-metadata-registry/imr-details/2977","PUBLISHED","Published","","2015","2015","","","","","WB_HI","High-income","","BTSX","Both sexes","","23.8","23.84131","","","","",""
"WHOSIS_000007","Healthy life expectancy (HALE) at age 60 (years)","https://www.who.int/data/gho/indicator-metadata-registry/imr-details/3443","PUBLISHED","Published","","2015","2015","","","","","WB_HI","High-income","","BTSX","Both sexes","","18.0","17.96684","","","","",""
"WHOSIS_000001","Life expectancy at birth (years)","https://www.who.int/data/gho/indicator-metadata-registry/imr-details/65","PUBLISHED","Published","","2019","2019","","","","","WB_HI","High-income","","BTSX","Both sexes","","80.9","80.86676","","","","",""
"WHOSIS_000002","Healthy life expectancy (HALE) at birth (years)","https://www.who.int/data/gho/indicator-metadata-registry/imr-details/66","PUBLISHED","Published","","2019","2019","","","","","WB_HI","High-income","","BTSX","Both sexes","","69.8","69.83262","","","","",""
"WHOSIS_000015","Life expectancy at age 60 (years)","https://www.who.int/data/gho/indicator-metadata-registry/imr-details/2977","PUBLISHED","Published","","2019","2019","","","","","WB_HI","High-income","","BTSX","Both sexes","","24.3","24.27640","","","","",""
"WHOSIS_000007","Healthy life expectancy (HALE) at age 60 (years)","https://www.who.int/data/gho/indicator-metadata-registry/imr-details/3443","PUBLISHED","Published","","2019","2019","","","","","WB_HI","High-income","","BTSX","Both sexes","","18.2","18.18998","","","","",""
"WHOSIS_000001","Life expectancy at birth (years)","https://www.who.int/data/gho/indicator-metadata-registry/imr-details/65","PUBLISHED","Published","","2000","2000","","GLOBAL","Global","","WB_WORLD_INCOME","Global","","MLE","Male","","64.4","64.41902","","","","",""
"WHOSIS_000002","Healthy life expectancy (HALE) at birth (years)","https://www.who.int/data/gho/indicator-metadata-registry/imr-details/66","PUBLISHED","Published","","2000","2000","","GLOBAL","Global","","WB_WORLD_INCOME","Global","","MLE","Male","","57.1","57.12733","","","","",""
"WHOSIS_000015","Life expectancy at age 60 (years)","https://www.who.int/data/gho/indicator-metadata-registry/imr-details/2977","PUBLISHED","Published","","2000","2000","","GLOBAL","Global","","WB_WORLD_INCOME","Global","","MLE","Male","","17.2","17.16069","","","","",""
"WHOSIS_000007","Healthy life expectancy (HALE) at age 60 (years)","https://www.who.int/data/gho/indicator-metadata-registry/imr-details/3443","PUBLISHED","Published","","2000","2000","","GLOBAL","Global","","WB_WORLD_INCOME","Global","","MLE","Male","","13.1","13.11078","","","","",""
"WHOSIS_000001","Life expectancy at birth (years)","https://www.who.int/data/gho/indicator-metadata-registry/imr-details/65","PUBLISHED","Published","","2010","2010","","GLOBAL","Global","","WB_WORLD_INCOME","Global","","MLE","Male","","68.0","67.97157","","","","",""
"WHOSIS_000002","Healthy life expectancy (HALE) at birth (years)","https://www.who.int/data/gho/indicator-metadata-registry/imr-details/66","PUBLISHED","Published","","2010","2010","","GLOBAL","Global","","WB_WORLD_INCOME","Global","","MLE","Male","","60.2","60.23389","","","","",""
"WHOSIS_000015","Life expectancy at age 60 (years)","https://www.who.int/data/gho/indicator-metadata-registry/imr-details/2977","PUBLISHED","Published","","2010","2010","","GLOBAL","Global","","WB_WORLD_INCOME","Global","","MLE","Male","","18.4","18.43366","","","","",""
"WHOSIS_000007","Healthy life expectancy (HALE) at age 60 (years)","https://www.who.int/data/gho/indicator-metadata-registry/imr-details/3443","PUBLISHED","Published","","2010","2010","","GLOBAL","Global","","WB_WORLD_INCOME","Global","","MLE","Male","","14.1","14.06207","","","","",""
"WHOSIS_000001","Life expectancy at birth (years)","https://www.who.int/data/gho/indicator-metadata-registry/imr-details/65","PUBLISHED","Published","","2015","2015","","GLOBAL","Global","","WB_WORLD_INCOME","Global","","MLE","Male","","69.8","69.76766","","","","",""
"WHOSIS_000002","Healthy life expectancy (HALE) at birth (years)","https://www.who.int/data/gho/indicator-metadata-registry/imr-details/66","PUBLISHED","Published","","2015","2015","","GLOBAL","Global","","WB_WORLD_INCOME","Global","","MLE","Male","","61.7","61.70167","","","","",""
"WHOSIS_000015","Life expectancy at age 60 (years)","https://www.who.int/data/gho/indicator-metadata-registry/imr-details/2977","PUBLISHED","Published","","2015","2015","","GLOBAL","Global","","WB_WORLD_INCOME","Global","","MLE","Male","","19.1","19.10378","","","","",""
"WHOSIS_000007","Healthy life expectancy (HALE) at age 60 (years)","https://www.who.int/data/gho/indicator-metadata-registry/imr-details/3443","PUBLISHED","Published","","2015","2015","","GLOBAL","Global","","WB_WORLD_INCOME","Global","","MLE","Male","","14.6","14.55971","","","","",""
"WHOSIS_000001","Life expectancy at birth (years)","https://www.who.int/data/gho/indicator-metadata-registry/imr-details/65","PUBLISHED","Published","","2019","2019","","GLOBAL","Global","","WB_WORLD_INCOME","Global","","MLE","Male","","70.8","70.84768","","","","",""
"WHOSIS_000002","Healthy life expectancy (HALE) at birth (years)","https://www.who.int/data/gho/indicator-metadata-registry/imr-details/66","PUBLISHED","Published","","2019","2019","","GLOBAL","Global","","WB_WORLD_INCOME","Global","","MLE","Male","","62.5","62.52825","","","","",""
"WHOSIS_000015","Life expectancy at age 60 (years)","https://www.who.int/data/gho/indicator-metadata-registry/imr-details/2977","PUBLISHED","Published","","2019","2019","","GLOBAL","Global","","WB_WORLD_INCOME","Global","","MLE","Male","","19.5","19.51745","","","","",""
"WHOSIS_000007","Healthy life expectancy (HALE) at age 60 (years)","https://www.who.int/data/gho/indicator-metadata-registry/imr-details/3443","PUBLISHED","Published","","2019","2019","","GLOBAL","Global","","WB_WORLD_INCOME","Global","","MLE","Male","","14.8","14.82269","","","","",""
"WHOSIS_000001","Life expectancy at birth (years)","https://www.who.int/data/gho/indicator-metadata-registry/imr-details/65","PUBLISHED","Published","","2000","2000","","GLOBAL","Global","","WB_WORLD_INCOME","Global","","FMLE","Female","","69.3","69.27016","","","","",""
"WHOSIS_000002","Healthy life expectancy (HALE) at birth (years)","https://www.who.int/data/gho/indicator-metadata-registry/imr-details/66","PUBLISHED","Published","","2000","2000","","GLOBAL","Global","","WB_WORLD_INCOME","Global","","FMLE","Female","","59.6","59.59816","","","","",""
"WHOSIS_000015","Life expectancy at age 60 (years)","https://www.who.int/data/gho/indicator-metadata-registry/imr-details/2977","PUBLISHED","Published","","2000","2000","","GLOBAL","Global","","WB_WORLD_INCOME","Global","","FMLE","Female","","20.4","20.39618","","","","",""
"WHOSIS_000007","Healthy life expectancy (HALE) at age 60 (years)","https://www.who.int/data/gho/indicator-metadata-registry/imr-details/3443","PUBLISHED","Published","","2000","2000","","GLOBAL","Global","","WB_WORLD_INCOME","Global","","FMLE","Female","","15.1","15.10483","","","","",""
"WHOSIS_000001","Life expectancy at birth (years)","https://www.who.int/data/gho/indicator-metadata-registry/imr-details/65","PUBLISHED","Published","","2010","2010","","GLOBAL","Global","","WB_WORLD_INCOME","Global","","FMLE","Female","","73.2","73.20403","","","","",""
"WHOSIS_000002","Healthy life expectancy (HALE) at birth (years)","https://www.who.int/data/gho/indicator-metadata-registry/imr-details/66","PUBLISHED","Published","","2010","2010","","GLOBAL","Global","","WB_WORLD_INCOME","Global","","FMLE","Female","","62.9","62.88848","","","","",""
"WHOSIS_000015","Life expectancy at age 60 (years)","https://www.who.int/data/gho/indicator-metadata-registry/imr-details/2977","PUBLISHED","Published","","2010","2010","","GLOBAL","Global","","WB_WORLD_INCOME","Global","","FMLE","Female","","21.7","21.74640","","","","",""
"WHOSIS_000007","Healthy life expectancy (HALE) at age 60 (years)","https://www.who.int/data/gho/indicator-metadata-registry/imr-details/3443","PUBLISHED","Published","","2010","2010","","GLOBAL","Global","","WB_WORLD_INCOME","Global","","FMLE","Female","","16.1","16.05091","","","","",""
"WHOSIS_000001","Life expectancy at birth (years)","https://www.who.int/data/gho/indicator-metadata-registry/imr-details/65","PUBLISHED","Published","","2015","2015","","GLOBAL","Global","","WB_WORLD_INCOME","Global","","FMLE","Female","","74.9","74.88831","","","","",""
"WHOSIS_000002","Healthy life expectancy (HALE) at birth (years)","https://www.who.int/data/gho/indicator-metadata-registry/imr-details/66","PUBLISHED","Published","","2015","2015","","GLOBAL","Global","","WB_WORLD_INCOME","Global","","FMLE","Female","","64.2","64.22218","","","","",""
"WHOSIS_000015","Life expectancy at age 60 (years)","https://www.who.int/data/gho/indicator-metadata-registry/imr-details/2977","PUBLISHED","Published","","2015","2015","","GLOBAL","Global","","WB_WORLD_INCOME","Global","","FMLE","Female","","22.3","22.31022","","","","",""
"WHOSIS_000007","Healthy life expectancy (HALE) at age 60 (years)","https://www.who.int/data/gho/indicator-metadata-registry/imr-details/3443","PUBLISHED","Published","","2015","2015","","GLOBAL","Global","","WB_WORLD_INCOME","Global","","FMLE","Female","","16.4","16.44589","","","","",""
"WHOSIS_000001","Life expectancy at birth (years)","https://www.who.int/data/gho/indicator-metadata-registry/imr-details/65","PUBLISHED","Published","","2019","2019","","GLOBAL","Global","","WB_WORLD_INCOME","Global","","FMLE","Female","","75.9","75.87223","","","","",""
"WHOSIS_000002","Healthy life expectancy (HALE) at birth (years)","https://www.who.int/data/gho/indicator-metadata-registry/imr-details/66","PUBLISHED","Published","","2019","2019","","GLOBAL","Global","","WB_WORLD_INCOME","Global","","FMLE","Female","","64.9","64.90762","","","","",""
"WHOSIS_000015","Life expectancy at age 60 (years)","https://www.who.int/data/gho/indicator-metadata-registry/imr-details/2977","PUBLISHED","Published","","2019","2019","","GLOBAL","Global","","WB_WORLD_INCOME","Global","","FMLE","Female","","22.7","22.67449","","","","",""
"WHOSIS_000007","Healthy life expectancy (HALE) at age 60 (years)","https://www.who.int/data/gho/indicator-metadata-registry/imr-details/3443","PUBLISHED","Published","","2019","2019","","GLOBAL","Global","","WB_WORLD_INCOME","Global","","FMLE","Female","","16.6","16.63688","","","","",""
"WHOSIS_000001","Life expectancy at birth (years)","https://www.who.int/data/gho/indicator-metadata-registry/imr-details/65","PUBLISHED","Published","","2000","2000","","GLOBAL","Global","","WB_WORLD_INCOME","Global","","BTSX","Both sexes","","66.8","66.79430","","","","",""
"WHOSIS_000002","Healthy life expectancy (HALE) at birth (years)","https://www.who.int/data/gho/indicator-metadata-registry/imr-details/66","PUBLISHED","Published","","2000","2000","","GLOBAL","Global","","WB_WORLD_INCOME","Global","","BTSX","Both sexes","","58.3","58.33649","","","","",""
"WHOSIS_000015","Life expectancy at age 60 (years)","https://www.who.int/data/gho/indicator-metadata-registry/imr-details/2977","PUBLISHED","Published","","2000","2000","","GLOBAL","Global","","WB_WORLD_INCOME","Global","","BTSX","Both sexes","","18.8","18.83003","","","","",""
"WHOSIS_000007","Healthy life expectancy (HALE) at age 60 (years)","https://www.who.int/data/gho/indicator-metadata-registry/imr-details/3443","PUBLISHED","Published","","2000","2000","","GLOBAL","Global","","WB_WORLD_INCOME","Global","","BTSX","Both sexes","","14.1","14.13883","","","","",""
"WHOSIS_000001","Life expectancy at birth (years)","https://www.who.int/data/gho/indicator-metadata-registry/imr-details/65","PUBLISHED","Published","","2010","2010","","GLOBAL","Global","","WB_WORLD_INCOME","Global","","BTSX","Both sexes","","70.5","70.52787","","","","",""
"WHOSIS_000002","Healthy life expectancy (HALE) at birth (years)","https://www.who.int/data/gho/indicator-metadata-registry/imr-details/66","PUBLISHED","Published","","2010","2010","","GLOBAL","Global","","WB_WORLD_INCOME","Global","","BTSX","Both sexes","","61.5","61.53046","","","","",""
"WHOSIS_000015","Life expectancy at age 60 (years)","https://www.who.int/data/gho/indicator-metadata-registry/imr-details/2977","PUBLISHED","Published","","2010","2010","","GLOBAL","Global","","WB_WORLD_INCOME","Global","","BTSX","Both sexes","","20.1","20.13311","","","","",""
"WHOSIS_000007","Healthy life expectancy (HALE) at age 60 (years)","https://www.who.int/data/gho/indicator-metadata-registry/imr-details/3443","PUBLISHED","Published","","2010","2010","","GLOBAL","Global","","WB_WORLD_INCOME","Global","","BTSX","Both sexes","","15.1","15.08183","","","","",""
"WHOSIS_000001","Life expectancy at birth (years)","https://www.who.int/data/gho/indicator-metadata-registry/imr-details/65","PUBLISHED","Published","","2015","2015","","GLOBAL","Global","","WB_WORLD_INCOME","Global","","BTSX","Both sexes","","72.3","72.27778","","","","",""
"WHOSIS_000002","Healthy life expectancy (HALE) at birth (years)","https://www.who.int/data/gho/indicator-metadata-registry/imr-details/66","PUBLISHED","Published","","2015","2015","","GLOBAL","Global","","WB_WORLD_INCOME","Global","","BTSX","Both sexes","","62.9","62.93812","","","","",""
"WHOSIS_000015","Life expectancy at age 60 (years)","https://www.who.int/data/gho/indicator-metadata-registry/imr-details/2977","PUBLISHED","Published","","2015","2015","","GLOBAL","Global","","WB_WORLD_INCOME","Global","","BTSX","Both sexes","","20.8","20.75087","","","","",""
"WHOSIS_000007","Healthy life expectancy (HALE) at age 60 (years)","https://www.who.int/data/gho/indicator-metadata-registry/imr-details/3443","PUBLISHED","Published","","2015","2015","","GLOBAL","Global","","WB_WORLD_INCOME","Global","","BTSX","Both sexes","","15.5","15.52817","","","","",""
"WHOSIS_000001","Life expectancy at birth (years)","https://www.who.int/data/gho/indicator-metadata-registry/imr-details/65","PUBLISHED","Published","","2019","2019","","GLOBAL","Global","","WB_WORLD_INCOME","Global","","BTSX","Both sexes","","73.3","73.31331","","","","",""
"WHOSIS_000002","Healthy life expectancy (HALE) at birth (years)","https://www.who.int/data/gho/indicator-metadata-registry/imr-details/66","PUBLISHED","Published","","2019","2019","","GLOBAL","Global","","WB_WORLD_INCOME","Global","","BTSX","Both sexes","","63.7","63.69772","","","","",""
"WHOSIS_000015","Life expectancy at age 60 (years)","https://www.who.int/data/gho/indicator-metadata-registry/imr-details/2977","PUBLISHED","Published","","2019","2019","","GLOBAL","Global","","WB_WORLD_INCOME","Global","","BTSX","Both sexes","","21.1","21.13761","","","","",""
"WHOSIS_000007","Healthy life expectancy (HALE) at age 60 (years)","https://www.who.int/data/gho/indicator-metadata-registry/imr-details/3443","PUBLISHED","Published","","2019","2019","","GLOBAL","Global","","WB_WORLD_INCOME","Global","","BTSX","Both sexes","","15.8","15.75346","","","","",""
